Date,Open,Close
1/4/2016 16:00:00,46.14,44.68
1/5/2016 16:00:00,45.27,44.69
1/6/2016 16:00:00,44,43.81
1/7/2016 16:00:00,42.84,43.13
1/8/2016 16:00:00,43.57,42.2
1/11/2016 16:00:00,42.8,41.57
1/12/2016 16:00:00,42.32,41.99
1/13/2016 16:00:00,42.4,40.06
1/14/2016 16:00:00,40.44,41.24
1/15/2016 16:00:00,39.79,41
1/19/2016 16:00:00,41.74,40.94
1/20/2016 16:00:00,39.88,39.74
1/21/2016 16:00:00,40.31,39.99
1/22/2016 16:00:00,40.96,40.51
1/25/2016 16:00:00,40.01,39.28
1/26/2016 16:00:00,39.34,38.71
1/27/2016 16:00:00,38.48,37.61
1/28/2016 16:00:00,38.16,37.94
1/29/2016 16:00:00,37.99,38.24
2/1/2016 16:00:00,37.75,39.39
2/2/2016 16:00:00,38.48,36.56
2/3/2016 16:00:00,36.72,34.7
2/4/2016 16:00:00,34.14,35.07
2/5/2016 16:00:00,34.26,32.52
2/8/2016 16:00:00,31.42,29.6
2/9/2016 16:00:00,28.46,29.65
2/10/2016 16:00:00,30.1,28.73
2/11/2016 16:00:00,30.4,30.09
2/12/2016 16:00:00,31,30.21
2/16/2016 16:00:00,31.74,31.03
2/17/2016 16:00:00,31.8,33.74
2/18/2016 16:00:00,34.48,33.35
2/19/2016 16:00:00,32.73,33.32
2/22/2016 16:00:00,34.02,35.55
2/23/2016 16:00:00,35.23,35.44
2/24/2016 16:00:00,34.55,35.8
2/25/2016 16:00:00,35.73,37.49
2/26/2016 16:00:00,37.74,38.07
2/29/2016 16:00:00,38.48,38.39
3/1/2016 16:00:00,38.85,37.27
3/2/2016 16:00:00,36.75,37.67
3/3/2016 16:00:00,37.66,39.15
3/4/2016 16:00:00,39.6,40.21
3/7/2016 16:00:00,39.54,41.06
3/8/2016 16:00:00,40.7,40.52
3/9/2016 16:00:00,40.9,41.74
3/10/2016 16:00:00,42,41.04
3/11/2016 16:00:00,41.59,41.5
3/14/2016 16:00:00,42.53,43.03
3/15/2016 16:00:00,42.85,43.67
3/16/2016 16:00:00,43.6,44.39
3/17/2016 16:00:00,44.29,45.28
3/18/2016 16:00:00,45.82,46.55
3/21/2016 16:00:00,47.07,47.66
3/22/2016 16:00:00,47.44,46.85
3/23/2016 16:00:00,46.47,44.52
3/24/2016 16:00:00,43.16,45.55
3/28/2016 16:00:00,46.32,46.05
3/29/2016 16:00:00,45.98,46.03
3/30/2016 16:00:00,47.02,45.38
3/31/2016 16:00:00,45.87,45.95
4/1/2016 16:00:00,48.97,47.52
4/4/2016 16:00:00,49.82,49.4
4/5/2016 16:00:00,48.1,51.09
4/6/2016 16:00:00,50.79,53.08
4/7/2016 16:00:00,53.29,51.44
4/8/2016 16:00:00,52.1,50.01
4/11/2016 16:00:00,50.2,49.98
4/12/2016 16:00:00,49.9,49.56
4/13/2016 16:00:00,49.7,50.91
4/14/2016 16:00:00,50.6,50.37
4/15/2016 16:00:00,50.26,50.9
4/18/2016 16:00:00,50.45,50.78
4/19/2016 16:00:00,50.62,49.47
4/20/2016 16:00:00,49.25,49.99
4/21/2016 16:00:00,49.8,49.66
4/22/2016 16:00:00,49.78,50.75
4/25/2016 16:00:00,50.6,50.36
4/26/2016 16:00:00,50.41,50.75
4/27/2016 16:00:00,50.55,50.29
4/28/2016 16:00:00,49.97,49.54
4/29/2016 16:00:00,49.63,48.15
5/2/2016 16:00:00,48.3,48.36
5/3/2016 16:00:00,47.47,46.46
5/4/2016 16:00:00,46.06,44.51
5/5/2016 16:00:00,45.69,42.31
5/6/2016 16:00:00,42.17,42.99
5/9/2016 16:00:00,43.14,41.78
5/10/2016 16:00:00,41.51,41.74
5/11/2016 16:00:00,41.52,41.79
5/12/2016 16:00:00,42.29,41.46
5/13/2016 16:00:00,41.56,41.52
5/16/2016 16:00:00,41.63,41.66
5/17/2016 16:00:00,41.81,40.93
5/18/2016 16:00:00,41.83,42.23
5/19/2016 16:00:00,42.72,43.04
5/20/2016 16:00:00,43.4,44.06
5/23/2016 16:00:00,43.97,43.24
5/24/2016 16:00:00,43.32,43.58
5/25/2016 16:00:00,43.58,43.92
5/26/2016 16:00:00,44.1,45.02
5/27/2016 16:00:00,45,44.61
5/31/2016 16:00:00,44.61,44.65
6/1/2016 16:00:00,44.3,43.91
6/2/2016 16:00:00,43.92,43.79
6/3/2016 16:00:00,44,43.8
6/6/2016 16:00:00,43.6,44.14
6/7/2016 16:00:00,44.45,46.47
6/8/2016 16:00:00,46.76,47.1
6/9/2016 16:00:00,47,45.87
6/10/2016 16:00:00,45.48,43.76
6/13/2016 16:00:00,43.9,43.57
6/14/2016 16:00:00,43.78,42.99
6/15/2016 16:00:00,43.39,43.54
6/16/2016 16:00:00,43.48,43.59
6/17/2016 16:00:00,43.56,43.09
6/20/2016 16:00:00,43.9,43.94
6/21/2016 16:00:00,44.14,43.92
6/22/2016 16:00:00,39.89,39.33
6/23/2016 16:00:00,39.14,39.28
6/24/2016 16:00:00,38.01,38.63
6/27/2016 16:00:00,38.17,39.71
6/28/2016 16:00:00,40.38,40.36
6/29/2016 16:00:00,41.03,42.04
6/30/2016 16:00:00,42.59,42.46
7/1/2016 16:00:00,41.23,43.3
7/5/2016 16:00:00,41.95,42.8
7/6/2016 16:00:00,42,42.89
7/7/2016 16:00:00,42.62,43.19
7/8/2016 16:00:00,43.56,43.36
7/11/2016 16:00:00,43.99,44.96
7/12/2016 16:00:00,44.82,44.93
7/13/2016 16:00:00,45.1,44.51
7/14/2016 16:00:00,44.62,44.31
7/15/2016 16:00:00,44.5,44.08
7/18/2016 16:00:00,43.93,45.25
7/19/2016 16:00:00,45,45.05
7/20/2016 16:00:00,45.29,45.67
7/21/2016 16:00:00,45.2,44.1
7/22/2016 16:00:00,44.4,44.45
7/25/2016 16:00:00,44.45,46
7/26/2016 16:00:00,45.54,45.9
7/27/2016 16:00:00,45.87,45.7
7/28/2016 16:00:00,45.59,46.12
7/29/2016 16:00:00,46.14,46.96
8/1/2016 16:00:00,47.1,46
8/2/2016 16:00:00,45.87,45.44
8/3/2016 16:00:00,45.47,45.16
8/4/2016 16:00:00,45.14,46.12
8/5/2016 16:00:00,46,46.01
8/8/2016 16:00:00,45.6,45.23
8/9/2016 16:00:00,45.36,45.82
8/10/2016 16:00:00,45.65,45.13
8/11/2016 16:00:00,45.23,44.98
8/12/2016 16:00:00,45.08,45.12
8/15/2016 16:00:00,45.2,45.12
8/16/2016 16:00:00,45.1,44.72
8/17/2016 16:00:00,44.87,44.65
8/18/2016 16:00:00,44.76,44.7
8/19/2016 16:00:00,44.71,45
8/22/2016 16:00:00,44.83,44.59
8/23/2016 16:00:00,44.86,44.97
8/24/2016 16:00:00,45.41,44.52
8/25/2016 16:00:00,44.62,44.19
8/26/2016 16:00:00,44.43,44
8/29/2016 16:00:00,44.03,43.04
8/30/2016 16:00:00,43.22,42.27
8/31/2016 16:00:00,42.09,42.4
9/1/2016 16:00:00,41.8,40.15
9/2/2016 16:00:00,40.47,39.56
9/6/2016 16:00:00,39.8,40.57
9/7/2016 16:00:00,41.1,40.34
9/8/2016 16:00:00,39.91,39.47
9/9/2016 16:00:00,39.82,38.89
9/12/2016 16:00:00,39,39.66
9/13/2016 16:00:00,39.41,39.21
9/14/2016 16:00:00,39.15,39.28
9/15/2016 16:00:00,39.3,40.08
9/16/2016 16:00:00,40.08,41.08
9/19/2016 16:00:00,41.4,41.27
9/20/2016 16:00:00,41.37,40.93
9/21/2016 16:00:00,41.27,41.04
9/22/2016 16:00:00,41.28,41.29
9/23/2016 16:00:00,41.2,41.49
9/26/2016 16:00:00,41.3,41.8
9/27/2016 16:00:00,41.93,41.16
9/28/2016 16:00:00,41.5,41.25
9/29/2016 16:00:00,41.12,40.14
9/30/2016 16:00:00,40.44,40.81
10/3/2016 16:00:00,42.46,42.74
10/4/2016 16:00:00,42.62,42.28
10/5/2016 16:00:00,42.45,41.69
10/6/2016 16:00:00,40.49,40.2
10/7/2016 16:00:00,40.2,39.32
10/10/2016 16:00:00,40.27,40.19
10/11/2016 16:00:00,40.37,40.02
10/12/2016 16:00:00,40.19,40.3
10/13/2016 16:00:00,40.1,40.05
10/14/2016 16:00:00,40.13,39.3
10/17/2016 16:00:00,39.41,38.79
10/18/2016 16:00:00,39.2,39.82
10/19/2016 16:00:00,39.95,40.71
10/20/2016 16:00:00,40.42,39.82
10/21/2016 16:00:00,39.72,40.02
10/24/2016 16:00:00,40.2,40.55
10/25/2016 16:00:00,40.58,40.47
10/26/2016 16:00:00,40.2,40.45
10/27/2016 16:00:00,42.27,40.8
10/28/2016 16:00:00,40.8,39.99
10/31/2016 16:00:00,40.5,39.55
11/1/2016 16:00:00,39.61,38.16
11/2/2016 16:00:00,38.01,37.6
11/3/2016 16:00:00,37.8,37.48
11/4/2016 16:00:00,37.8,38.11
11/7/2016 16:00:00,38.72,38.64
11/8/2016 16:00:00,38.76,38.99
11/9/2016 16:00:00,37.38,38.01
11/10/2016 16:00:00,38.21,37.07
11/11/2016 16:00:00,36.85,37.71
11/14/2016 16:00:00,37.6,36.29
11/15/2016 16:00:00,36.56,36.75
11/16/2016 16:00:00,36.53,36.79
11/17/2016 16:00:00,36.7,37.73
11/18/2016 16:00:00,38.13,37
11/21/2016 16:00:00,37.01,36.9
11/22/2016 16:00:00,37.17,38.23
11/23/2016 16:00:00,38.12,38.63
11/25/2016 16:00:00,38.73,39.33
11/28/2016 16:00:00,39.1,39.22
11/29/2016 16:00:00,39.11,37.91
11/30/2016 16:00:00,38.2,37.88
12/1/2016 16:00:00,37.65,36.38
12/2/2016 16:00:00,36.58,36.29
12/5/2016 16:00:00,36.5,37.36
12/6/2016 16:00:00,37.1,37.17
12/7/2016 16:00:00,37.23,38.63
12/8/2016 16:00:00,38.41,38.46
12/9/2016 16:00:00,38.17,38.44
12/12/2016 16:00:00,38.56,38.49
12/13/2016 16:00:00,38.64,39.63
12/14/2016 16:00:00,39.75,39.74
12/15/2016 16:00:00,39.68,39.52
12/16/2016 16:00:00,39.62,40.5
12/19/2016 16:00:00,40.5,40.55
12/20/2016 16:00:00,40.61,41.76
12/21/2016 16:00:00,41.69,41.54
12/22/2016 16:00:00,41.64,41.69
12/23/2016 16:00:00,41.6,42.67
12/27/2016 16:00:00,42.98,43.91
12/28/2016 16:00:00,44.31,43.95
12/29/2016 16:00:00,43.71,42.94
12/30/2016 16:00:00,43.26,42.74
1/3/2017 16:00:00,42.97,43.4
1/4/2017 16:00:00,42.95,45.4
1/5/2017 16:00:00,45.28,45.35
1/6/2017 16:00:00,45.39,45.8
1/9/2017 16:00:00,45.79,46.26
1/10/2017 16:00:00,46.4,45.97
1/11/2017 16:00:00,45.81,45.95
1/12/2017 16:00:00,45.81,45.92
1/13/2017 16:00:00,46,47.55
1/17/2017 16:00:00,47.34,47.12
1/18/2017 16:00:00,47.33,47.67
1/19/2017 16:00:00,49.45,48.75
1/20/2017 16:00:00,49.09,48.95
1/23/2017 16:00:00,49.17,49.78
1/24/2017 16:00:00,50,50.92
1/25/2017 16:00:00,51.46,50.89
1/26/2017 16:00:00,50.86,50.5
1/27/2017 16:00:00,50.28,50.59
1/30/2017 16:00:00,50.51,50.13
1/31/2017 16:00:00,49.85,50.39
2/1/2017 16:00:00,50.61,49.85
2/2/2017 16:00:00,49.67,50.31
2/3/2017 16:00:00,50.38,50.27
2/6/2017 16:00:00,50.2,51.55
2/7/2017 16:00:00,51.64,51.5
2/8/2017 16:00:00,51.47,52.42
2/9/2017 16:00:00,53.25,53.84
2/10/2017 16:00:00,53.96,53.85
2/13/2017 16:00:00,54.15,56.12
2/14/2017 16:00:00,55.81,56.2
2/15/2017 16:00:00,56,55.95
2/16/2017 16:00:00,55.52,53.79
2/17/2017 16:00:00,53.16,54.45
2/21/2017 16:00:00,55.09,55.48
2/22/2017 16:00:00,56.06,54.7
2/23/2017 16:00:00,52.8,51.2
2/24/2017 16:00:00,50.53,51.4
2/27/2017 16:00:00,49.63,49.25
2/28/2017 16:00:00,48.84,50
3/1/2017 16:00:00,50.84,50
3/2/2017 16:00:00,49.94,50.1
3/3/2017 16:00:00,50.15,50.31
3/6/2017 16:00:00,49.58,50.24
3/7/2017 16:00:00,50.38,49.72
3/8/2017 16:00:00,49.4,49.37
3/9/2017 16:00:00,49.53,48.98
3/10/2017 16:00:00,49.24,48.74
3/13/2017 16:00:00,48.88,49.23
3/14/2017 16:00:00,49.22,51.6
3/15/2017 16:00:00,51.4,51.15
3/16/2017 16:00:00,52.48,52.41
3/17/2017 16:00:00,52.8,52.3
3/20/2017 16:00:00,52.12,52.38
3/21/2017 16:00:00,52.57,50.14
3/22/2017 16:00:00,50.31,51
3/23/2017 16:00:00,51.08,50.96
3/24/2017 16:00:00,51.14,52.63
3/27/2017 16:00:00,52.12,54.04
3/28/2017 16:00:00,55.4,55.49
3/29/2017 16:00:00,55.67,55.48
3/30/2017 16:00:00,55.61,55.58
3/31/2017 16:00:00,55.75,55.66
4/3/2017 16:00:00,57.38,59.7
4/4/2017 16:00:00,59.38,60.74
4/5/2017 16:00:00,60.41,59
4/6/2017 16:00:00,59.38,59.74
4/7/2017 16:00:00,59.5,60.51
4/10/2017 16:00:00,61.83,62.48
4/11/2017 16:00:00,62.68,61.74
4/12/2017 16:00:00,61.27,59.37
4/13/2017 16:00:00,59.34,60.8
4/17/2017 16:00:00,60.54,60.29
4/18/2017 16:00:00,59.94,60.05
4/19/2017 16:00:00,60.49,61.1
4/20/2017 16:00:00,61.3,60.5
4/21/2017 16:00:00,60.4,61.12
4/24/2017 16:00:00,61.84,61.61
4/25/2017 16:00:00,61.6,62.76
4/26/2017 16:00:00,62.47,62.03
4/27/2017 16:00:00,62.34,61.73
4/28/2017 16:00:00,61.97,62.81
5/1/2017 16:00:00,62.98,64.57
5/2/2017 16:00:00,64.8,63.78
5/3/2017 16:00:00,63.53,62.2
5/4/2017 16:00:00,61.49,59.09
5/5/2017 16:00:00,59.6,61.67
5/8/2017 16:00:00,62.18,61.44
5/9/2017 16:00:00,61.88,64.25
5/10/2017 16:00:00,64.31,65.04
5/11/2017 16:00:00,64.68,64.62
5/12/2017 16:00:00,65.1,64.96
5/15/2017 16:00:00,63.68,63.18
5/16/2017 16:00:00,63.52,63.4
5/17/2017 16:00:00,62.88,61.22
5/18/2017 16:00:00,61.4,62.61
5/19/2017 16:00:00,63.1,62.17
5/22/2017 16:00:00,62.56,62.07
5/23/2017 16:00:00,62.09,60.77
5/24/2017 16:00:00,61.3,62.04
5/25/2017 16:00:00,62.2,63.37
5/26/2017 16:00:00,63.46,65.03
5/30/2017 16:00:00,65.2,67.02
5/31/2017 16:00:00,67.54,68.2
6/1/2017 16:00:00,68.8,68.07
6/2/2017 16:00:00,67.95,67.97
6/5/2017 16:00:00,67.7,69.46
6/6/2017 16:00:00,68.94,70.57
6/7/2017 16:00:00,71.27,71.93
6/8/2017 16:00:00,72.75,74
6/9/2017 16:00:00,74.88,71.46
6/12/2017 16:00:00,71.6,71.8
6/13/2017 16:00:00,73.52,75.19
6/14/2017 16:00:00,76.22,76.13
6/15/2017 16:00:00,74.5,75.07
6/16/2017 16:00:00,75.6,74.28
6/19/2017 16:00:00,75,73.96
6/20/2017 16:00:00,75.33,74.45
6/21/2017 16:00:00,74.87,75.28
6/22/2017 16:00:00,75.6,76.52
6/23/2017 16:00:00,76.49,76.69
6/26/2017 16:00:00,77.34,75.5
6/27/2017 16:00:00,75.28,72.47
6/28/2017 16:00:00,73.34,74.25
6/29/2017 16:00:00,74.12,72.15
6/30/2017 16:00:00,72.74,72.32
7/3/2017 16:00:00,74.05,70.52
7/5/2017 16:00:00,69.44,65.42
7/6/2017 16:00:00,63.45,61.77
7/7/2017 16:00:00,62.7,62.64
7/10/2017 16:00:00,62.58,63.21
7/11/2017 16:00:00,63.2,65.44
7/12/2017 16:00:00,66.08,65.9
7/13/2017 16:00:00,66.02,64.68
7/14/2017 16:00:00,64.64,65.56
7/17/2017 16:00:00,65.11,63.91
7/18/2017 16:00:00,63.5,65.65
7/19/2017 16:00:00,65.65,65.05
7/20/2017 16:00:00,65.38,65.98
7/21/2017 16:00:00,65.89,65.68
7/24/2017 16:00:00,66.05,68.5
7/25/2017 16:00:00,69,67.92
7/26/2017 16:00:00,68.07,68.77
7/27/2017 16:00:00,69.2,66.89
7/28/2017 16:00:00,67.38,67.01
7/31/2017 16:00:00,67.1,64.69
8/1/2017 16:00:00,64.6,63.91
8/2/2017 16:00:00,63.79,65.18
8/3/2017 16:00:00,69.07,69.42
8/4/2017 16:00:00,69.4,71.38
8/7/2017 16:00:00,71.47,71.03
8/8/2017 16:00:00,71.51,73.04
8/9/2017 16:00:00,72.2,72.71
8/10/2017 16:00:00,72.32,71.08
8/11/2017 16:00:00,71.39,71.57
8/14/2017 16:00:00,72.93,72.76
8/15/2017 16:00:00,73.04,72.47
8/16/2017 16:00:00,72.6,72.58
8/17/2017 16:00:00,72.24,70.38
8/18/2017 16:00:00,70.58,69.49
8/21/2017 16:00:00,69.16,67.57
8/22/2017 16:00:00,68.23,68.27
8/23/2017 16:00:00,67.8,70.55
8/24/2017 16:00:00,70.5,70.59
8/25/2017 16:00:00,70.85,69.61
8/28/2017 16:00:00,69.46,69.13
8/29/2017 16:00:00,67.9,69.47
8/30/2017 16:00:00,69.93,70.64
8/31/2017 16:00:00,70.71,71.18
9/1/2017 16:00:00,71.22,71.08
9/5/2017 16:00:00,70.76,69.92
9/6/2017 16:00:00,69.9,68.91
9/7/2017 16:00:00,69.2,70.12
9/8/2017 16:00:00,69.8,68.68
9/11/2017 16:00:00,70.27,72.74
9/12/2017 16:00:00,72.9,72.55
9/13/2017 16:00:00,72.76,73.25
9/14/2017 16:00:00,72.87,75.53
9/15/2017 16:00:00,74.9,75.96
9/18/2017 16:00:00,76.05,77
9/19/2017 16:00:00,76,75.02
9/20/2017 16:00:00,74.6,74.78
9/21/2017 16:00:00,74.98,73.3
9/22/2017 16:00:00,73.3,70.22
9/25/2017 16:00:00,70.63,69
9/26/2017 16:00:00,70.19,69.05
9/27/2017 16:00:00,69.98,68.19
9/28/2017 16:00:00,67.98,67.92
9/29/2017 16:00:00,68.37,68.22
10/2/2017 16:00:00,68.5,68.31
10/3/2017 16:00:00,67.18,69.63
10/4/2017 16:00:00,70.25,71
10/5/2017 16:00:00,71.2,71.07
10/6/2017 16:00:00,70.62,71.38
10/9/2017 16:00:00,69.93,68.59
10/10/2017 16:00:00,69.36,71.12
10/11/2017 16:00:00,70.78,70.92
10/12/2017 16:00:00,70.59,71.14
10/13/2017 16:00:00,71.4,71.11
10/16/2017 16:00:00,70.75,70.12
10/17/2017 16:00:00,70.18,71.15
10/18/2017 16:00:00,71.19,71.93
10/19/2017 16:00:00,71.11,70.36
10/20/2017 16:00:00,70.54,69.02
10/23/2017 16:00:00,69.98,67.4
10/24/2017 16:00:00,67.76,67.47
10/25/2017 16:00:00,67.34,65.17
10/26/2017 16:00:00,65.56,65.23
10/27/2017 16:00:00,63.95,64.17
10/30/2017 16:00:00,63.84,64.02
10/31/2017 16:00:00,64.05,66.31
11/1/2017 16:00:00,66.45,64.22
11/2/2017 16:00:00,60.03,59.85
11/3/2017 16:00:00,59.9,61.22
11/6/2017 16:00:00,61.4,60.56
11/7/2017 16:00:00,60.2,61.21
11/8/2017 16:00:00,61.1,60.88
11/9/2017 16:00:00,60.5,60.6
11/10/2017 16:00:00,60.5,60.6
11/13/2017 16:00:00,60.03,63.08
11/14/2017 16:00:00,63,61.74
11/15/2017 16:00:00,61.2,62.26
11/16/2017 16:00:00,62.8,62.5
11/17/2017 16:00:00,65.13,63.01
11/20/2017 16:00:00,62.76,61.75
11/21/2017 16:00:00,62.17,63.56
11/22/2017 16:00:00,63.35,62.52
11/24/2017 13:00:00,62.76,63.11
11/27/2017 16:00:00,62.65,63.36
11/28/2017 16:00:00,63.27,63.51
11/29/2017 16:00:00,63.46,61.51
11/30/2017 16:00:00,61.71,61.77
12/1/2017 16:00:00,61.09,61.31
12/4/2017 16:00:00,61.3,61.04
12/5/2017 16:00:00,60.4,60.74
12/6/2017 16:00:00,60.02,62.65
12/7/2017 16:00:00,62.4,62.25
12/8/2017 16:00:00,62.92,63.03
12/11/2017 16:00:00,62.93,65.78
12/12/2017 16:00:00,66.09,68.21
12/13/2017 16:00:00,68.19,67.81
12/14/2017 16:00:00,68.2,67.58
12/15/2017 16:00:00,68.41,68.69
12/18/2017 16:00:00,68.98,67.77
12/19/2017 16:00:00,68.05,66.22
12/20/2017 16:00:00,66.54,65.8
12/21/2017 16:00:00,65.92,66.33
12/22/2017 16:00:00,65.9,65.04
12/26/2017 16:00:00,64.77,63.46
12/27/2017 16:00:00,63.2,62.33
12/28/2017 16:00:00,62.35,63.07
12/29/2017 16:00:00,63.24,62.27
1/2/2018 16:00:00,62.4,64.11
1/3/2018 16:00:00,64.2,63.45
1/4/2018 16:00:00,62.57,62.92
1/5/2018 16:00:00,63.32,63.32
1/8/2018 16:00:00,63.2,67.28
1/9/2018 16:00:00,67.03,66.74
1/10/2018 16:00:00,66.44,66.96
1/11/2018 16:00:00,67.05,67.59
1/12/2018 16:00:00,67.73,67.24
1/16/2018 16:00:00,67.51,68.01
1/17/2018 16:00:00,68.09,69.43
1/18/2018 16:00:00,69.13,68.91
1/19/2018 16:00:00,69,70
1/22/2018 16:00:00,69.88,70.31
1/23/2018 16:00:00,72,70.56
1/24/2018 16:00:00,70.92,69.18
1/25/2018 16:00:00,69.65,67.53
1/26/2018 16:00:00,68.3,68.57
1/29/2018 16:00:00,67.97,69.91
1/30/2018 16:00:00,69.03,69.16
1/31/2018 16:00:00,69.5,70.86
2/1/2018 16:00:00,70.2,69.85
2/2/2018 16:00:00,69.69,68.75
2/5/2018 16:00:00,67.59,66.63
2/6/2018 16:00:00,65.04,66.79
2/7/2018 16:00:00,67.8,69
2/8/2018 16:00:00,68.66,63.05
2/9/2018 16:00:00,63.99,62.08
2/12/2018 16:00:00,63.23,63.15
2/13/2018 16:00:00,63,64.73
2/14/2018 16:00:00,64.17,64.46
2/15/2018 16:00:00,64.9,66.81
2/16/2018 16:00:00,66.5,67.1
2/20/2018 16:00:00,66.89,66.95
2/21/2018 16:00:00,67.21,66.66
2/22/2018 16:00:00,67.11,69.23
2/23/2018 16:00:00,69.57,70.41
2/26/2018 16:00:00,70.7,71.48
2/27/2018 16:00:00,71.25,70.2
2/28/2018 16:00:00,70.51,68.61
3/1/2018 16:00:00,69,66.19
3/2/2018 16:00:00,65.4,67.02
3/5/2018 16:00:00,66.48,66.67
3/6/2018 16:00:00,66.75,65.64
3/7/2018 16:00:00,65.09,66.46
3/8/2018 16:00:00,66.57,65.82
3/9/2018 16:00:00,64.82,65.43
3/12/2018 16:00:00,65.72,69.1
3/13/2018 16:00:00,68.98,68.37
3/14/2018 16:00:00,67.35,65.33
3/15/2018 16:00:00,65.88,65.12
3/16/2018 16:00:00,65.19,64.27
3/19/2018 16:00:00,63.3,62.71
3/20/2018 16:00:00,62.97,62.11
3/21/2018 16:00:00,62.05,63.31
3/22/2018 16:00:00,62.78,61.82
3/23/2018 16:00:00,62.25,60.31
3/26/2018 16:00:00,61.47,60.84
3/27/2018 16:00:00,60.8,55.84
3/28/2018 16:00:00,52.92,51.56
3/29/2018 16:00:00,51.3,53.23
4/2/2018 16:00:00,51.25,50.5
4/3/2018 16:00:00,53.96,53.51
4/4/2018 16:00:00,50.56,57.39
4/5/2018 16:00:00,57.87,61.14
4/6/2018 16:00:00,60.2,59.86
4/9/2018 16:00:00,60.07,57.93
4/10/2018 16:00:00,59.79,60.94
4/11/2018 16:00:00,60.15,60.19
4/12/2018 16:00:00,60.46,58.82
4/13/2018 16:00:00,60.72,60.07
4/16/2018 16:00:00,59.8,58.24
4/17/2018 16:00:00,57.77,57.54
4/18/2018 16:00:00,58.22,58.67
4/19/2018 16:00:00,58.22,60.02
4/20/2018 16:00:00,59.03,58.05
4/23/2018 16:00:00,58.26,56.67
4/24/2018 16:00:00,57,56.69
4/25/2018 16:00:00,56.7,56.14
4/26/2018 16:00:00,55.75,57.1
4/27/2018 16:00:00,57.07,58.82
4/30/2018 16:00:00,58.72,58.78
5/1/2018 16:00:00,58.7,59.98
5/2/2018 16:00:00,59.71,60.23
5/3/2018 16:00:00,55.76,56.89
5/4/2018 16:00:00,56.6,58.82
5/7/2018 16:00:00,59.5,60.55
5/8/2018 16:00:00,60.16,60.39
5/9/2018 16:00:00,60.08,61.37
5/10/2018 16:00:00,61.5,61
5/11/2018 16:00:00,61.54,60.21
5/14/2018 16:00:00,60.66,58.39
5/15/2018 16:00:00,57,56.84
5/16/2018 16:00:00,56.77,57.3
5/17/2018 16:00:00,57.18,56.91
5/18/2018 16:00:00,57.18,56.91
5/21/2018 16:00:00,56.27,56.9
5/22/2018 16:00:00,57.55,55
5/23/2018 16:00:00,55.55,55.81
5/24/2018 16:00:00,55.68,55.57
5/25/2018 16:00:00,55.53,55.77
5/29/2018 16:00:00,55.7,56.75
5/30/2018 16:00:00,56.66,58.34
5/31/2018 16:00:00,57.44,56.95
6/1/2018 16:00:00,57.17,58.36
6/4/2018 16:00:00,58.87,59.35
6/5/2018 16:00:00,59.54,58.23
6/6/2018 16:00:00,60.1,63.9
6/7/2018 16:00:00,63.23,63.22
6/8/2018 16:00:00,63.8,63.53
6/11/2018 16:00:00,64.5,66.42
6/12/2018 16:00:00,68.94,68.55
6/13/2018 16:00:00,69.34,68.96
6/14/2018 16:00:00,69.53,71.54
6/15/2018 16:00:00,70.77,71.63
6/18/2018 16:00:00,71.08,74.17
6/19/2018 16:00:00,73.03,70.51
6/20/2018 16:00:00,71.61,72.44
6/21/2018 16:00:00,72.4,69.5
6/22/2018 16:00:00,70.31,66.73
6/25/2018 16:00:00,66.02,66.6
6/26/2018 16:00:00,67.21,68.4
6/27/2018 16:00:00,69,68.9
6/28/2018 16:00:00,69.73,69.99
6/29/2018 16:00:00,70.67,68.59
7/2/2018 16:00:00,72.01,67.01
7/3/2018 13:00:00,66.35,62.17
7/5/2018 16:00:00,62.75,61.83
7/6/2018 16:00:00,60.99,61.78
7/9/2018 16:00:00,62.4,63.7
7/10/2018 16:00:00,64.91,64.49
7/11/2018 16:00:00,63.16,63.79
7/12/2018 16:00:00,64.29,63.34
7/13/2018 16:00:00,63.12,63.77
7/16/2018 16:00:00,62.34,62.02
7/17/2018 16:00:00,61.76,64.54
7/18/2018 16:00:00,65,64.77
7/19/2018 16:00:00,63.27,64.05
7/20/2018 16:00:00,64.25,62.72
7/23/2018 16:00:00,60.37,60.64
7/24/2018 16:00:00,60.88,59.49
7/25/2018 16:00:00,59.35,61.75
7/26/2018 16:00:00,60.97,61.33
7/27/2018 16:00:00,61.45,59.44
7/30/2018 16:00:00,59.18,58.03
7/31/2018 16:00:00,58.45,59.63
8/1/2018 16:00:00,59.6,60.17
8/2/2018 16:00:00,65.69,69.91
8/3/2018 16:00:00,69.56,69.63
8/6/2018 16:00:00,69.09,68.4
8/7/2018 16:00:00,68.77,75.91
8/8/2018 16:00:00,73.82,74.07
8/9/2018 16:00:00,73.11,70.49
8/10/2018 16:00:00,70.8,71.1
8/13/2018 16:00:00,72.23,71.28
8/14/2018 16:00:00,71.69,69.53
8/15/2018 16:00:00,68.38,67.74
8/16/2018 16:00:00,67.98,67.09
8/17/2018 16:00:00,64.7,61.1
8/20/2018 16:00:00,58.34,61.69
8/21/2018 16:00:00,62.12,64.38
8/22/2018 16:00:00,64.17,64.33
8/23/2018 16:00:00,63.83,64.02
8/24/2018 16:00:00,64.14,64.56
8/27/2018 16:00:00,63.6,63.85
8/28/2018 16:00:00,63.68,62.37
8/29/2018 16:00:00,62.05,61
8/30/2018 16:00:00,60.45,60.63
8/31/2018 16:00:00,60.4,60.33
9/4/2018 16:00:00,59.39,57.79
9/5/2018 16:00:00,57.01,56.15
9/6/2018 16:00:00,56.96,56.19
9/7/2018 16:00:00,52.02,52.65
9/10/2018 16:00:00,54.65,57.1
9/11/2018 16:00:00,55.89,55.89
9/12/2018 16:00:00,56.29,58.11
9/13/2018 16:00:00,57.6,57.89
9/14/2018 16:00:00,57.75,59.04
9/17/2018 16:00:00,58.01,58.97
9/18/2018 16:00:00,59.34,56.99
9/19/2018 16:00:00,56.1,59.8
9/20/2018 16:00:00,60.71,59.67
9/21/2018 16:00:00,59.54,59.82
9/24/2018 16:00:00,59.7,59.94
9/25/2018 16:00:00,60,60.2
9/26/2018 16:00:00,60.38,61.92
9/27/2018 16:00:00,62.58,61.5
9/28/2018 16:00:00,54.05,52.95
10/1/2018 16:00:00,61.15,62.14
10/2/2018 16:00:00,62.79,60.2
10/3/2018 16:00:00,60.67,58.96
10/4/2018 16:00:00,58.79,56.37
10/5/2018 16:00:00,54.93,52.39
10/8/2018 16:00:00,52.9,50.11
10/9/2018 16:00:00,51.05,52.56
10/10/2018 16:00:00,52.92,51.38
10/11/2018 16:00:00,51.51,50.45
10/12/2018 16:00:00,52.2,51.76
10/15/2018 16:00:00,51.81,51.92
10/16/2018 16:00:00,53.14,55.32
10/17/2018 16:00:00,56.48,54.36
10/18/2018 16:00:00,53.86,52.78
10/19/2018 16:00:00,53.48,52
10/22/2018 16:00:00,52.14,52.19
10/23/2018 16:00:00,52.77,58.83
10/24/2018 16:00:00,60.21,57.7
10/25/2018 16:00:00,63.44,62.97
10/26/2018 16:00:00,61.65,66.18
10/29/2018 16:00:00,67.49,66.97
10/30/2018 16:00:00,65.68,65.98
10/31/2018 16:00:00,66.51,67.46
11/1/2018 16:00:00,67.65,68.86
11/2/2018 16:00:00,68.75,69.28
11/5/2018 16:00:00,68.1,68.28
11/6/2018 16:00:00,67.81,68.21
11/7/2018 16:00:00,68.67,69.63
11/8/2018 16:00:00,69.7,70.28
11/9/2018 16:00:00,69.8,70.1
11/12/2018 16:00:00,69.67,66.26
11/13/2018 16:00:00,66.63,67.75
11/14/2018 16:00:00,68.54,68.8
11/15/2018 16:00:00,68.47,69.69
11/16/2018 16:00:00,69.04,70.86
11/19/2018 16:00:00,71.27,70.69
11/20/2018 16:00:00,68.35,69.5
11/21/2018 16:00:00,70.4,67.64
11/23/2018 13:00:00,66.87,65.17
11/26/2018 16:00:00,65,69.2
11/27/2018 16:00:00,68.01,68.78
11/28/2018 16:00:00,69.2,69.57
11/29/2018 16:00:00,69.4,68.23
11/30/2018 16:00:00,68.37,70.1
12/3/2018 16:00:00,72,71.7
12/4/2018 16:00:00,71.21,71.94
12/6/2018 16:00:00,71.2,72.61
12/7/2018 16:00:00,73.8,71.59
12/10/2018 16:00:00,72,73.03
12/11/2018 16:00:00,73.98,73.35
12/12/2018 16:00:00,73.88,73.32
12/13/2018 16:00:00,74.03,75.36
12/14/2018 16:00:00,75,73.14
12/17/2018 16:00:00,72.4,69.68
12/18/2018 16:00:00,70.11,67.41
12/19/2018 16:00:00,67.52,66.59
12/20/2018 16:00:00,65.41,63.08
12/21/2018 16:00:00,63.48,63.95
12/24/2018 13:00:00,62.7,59.08
12/26/2018 16:00:00,60,65.22
12/27/2018 16:00:00,63.97,63.23
12/28/2018 16:00:00,64.62,66.77
12/31/2018 16:00:00,67.56,66.56
1/2/2019 16:00:00,61.22,62.02
1/3/2019 16:00:00,61.4,60.07
1/4/2019 16:00:00,61.2,63.54
1/7/2019 16:00:00,64.34,66.99
1/8/2019 16:00:00,68.39,67.07
1/9/2019 16:00:00,67.1,67.71
1/10/2019 16:00:00,66.88,68.99
1/11/2019 16:00:00,68.42,69.45
1/14/2019 16:00:00,68.48,66.88
1/15/2019 16:00:00,67,68.89
1/16/2019 16:00:00,68.96,69.21
1/17/2019 16:00:00,69.24,69.46
1/18/2019 16:00:00,64.6,60.45
1/22/2019 16:00:00,60.96,59.78
1/23/2019 16:00:00,58.5,57.52
1/24/2019 16:00:00,56.61,58.3
1/25/2019 16:00:00,58.88,59.41
1/28/2019 16:00:00,58.58,59.28
1/29/2019 16:00:00,59.05,59.49
1/30/2019 16:00:00,60.09,61.75
1/31/2019 16:00:00,60.2,61.4
2/1/2019 16:00:00,61.08,62.44
2/4/2019 16:00:00,62.6,62.58
2/5/2019 16:00:00,62.5,64.27
2/6/2019 16:00:00,63.92,63.44
2/7/2019 16:00:00,62.66,61.5
2/8/2019 16:00:00,61.37,61.16
2/11/2019 16:00:00,62.32,62.57
2/12/2019 16:00:00,63.24,62.36
2/13/2019 16:00:00,62.47,61.63
2/14/2019 16:00:00,60.68,60.75
2/15/2019 16:00:00,60.9,61.58
2/19/2019 16:00:00,61.31,61.13
2/20/2019 16:00:00,60.88,60.51
2/21/2019 16:00:00,60.36,58.25
2/22/2019 16:00:00,58.9,58.94
2/25/2019 16:00:00,59.58,59.75
2/26/2019 16:00:00,58.44,59.57
2/27/2019 16:00:00,60.36,62.95
2/28/2019 16:00:00,63.78,63.98
3/1/2019 16:00:00,61.39,58.96
3/4/2019 16:00:00,59.62,57.07
3/5/2019 16:00:00,56.4,55.31
3/6/2019 16:00:00,55.3,55.25
3/7/2019 16:00:00,55.77,55.32
3/8/2019 16:00:00,55.38,56.83
3/11/2019 16:00:00,56.7,58.18
3/12/2019 16:00:00,57.3,56.67
3/13/2019 16:00:00,56.78,57.79
3/14/2019 16:00:00,58.49,57.99
3/15/2019 16:00:00,56.7,55.09
3/18/2019 16:00:00,55.2,53.9
3/19/2019 16:00:00,53.5,53.49
3/20/2019 16:00:00,53.94,54.72
3/21/2019 16:00:00,54.52,54.8
3/22/2019 16:00:00,54.52,52.91
3/25/2019 16:00:00,51.94,52.08
3/26/2019 16:00:00,52.89,53.55
3/27/2019 16:00:00,53.75,54.97
3/28/2019 16:00:00,55.43,55.72
3/29/2019 16:00:00,55.74,55.97
4/1/2019 16:00:00,56.52,57.84
4/2/2019 16:00:00,57.66,57.18
4/3/2019 16:00:00,57.46,58.36
4/4/2019 16:00:00,52.38,53.56
4/5/2019 16:00:00,53.97,54.99
4/8/2019 16:00:00,55.54,54.64
4/9/2019 16:00:00,54.33,54.46
4/10/2019 16:00:00,55.35,55.21
4/11/2019 16:00:00,53.66,53.68
4/12/2019 16:00:00,54.04,53.54
4/15/2019 16:00:00,53.73,53.28
4/16/2019 16:00:00,53.15,54.67
4/17/2019 16:00:00,54.95,54.25
4/18/2019 16:00:00,54.25,54.65
4/22/2019 16:00:00,53.8,52.55
4/23/2019 16:00:00,52.03,52.78
4/24/2019 16:00:00,52.77,51.73
4/25/2019 16:00:00,51,49.53
4/26/2019 16:00:00,49.3,47.03
4/29/2019 16:00:00,47.17,48.29
4/30/2019 16:00:00,48.41,47.74
5/1/2019 16:00:00,47.77,46.8
5/2/2019 16:00:00,49.1,48.82
5/3/2019 16:00:00,48.77,51.01
5/6/2019 16:00:00,50,51.07
5/7/2019 16:00:00,51.36,49.41
5/8/2019 16:00:00,49.39,48.97
5/9/2019 16:00:00,48.4,48.4
5/10/2019 16:00:00,47.95,47.9
5/13/2019 16:00:00,46.4,45.4
5/14/2019 16:00:00,45.86,46.46
5/15/2019 16:00:00,45.86,46.39
5/16/2019 16:00:00,45.9,45.67
5/17/2019 16:00:00,44.39,42.21
5/20/2019 16:00:00,40.56,41.07
5/21/2019 16:00:00,39.55,41.02
5/22/2019 16:00:00,39.82,38.55
5/23/2019 16:00:00,38.87,39.1
5/24/2019 16:00:00,39.97,38.13
5/28/2019 16:00:00,38.24,37.74
5/29/2019 16:00:00,37.42,37.97
5/30/2019 16:00:00,37.75,37.64
5/31/2019 16:00:00,37.02,37.03
6/3/2019 16:00:00,37.1,35.79
6/4/2019 16:00:00,36.22,38.72
6/5/2019 16:00:00,39.74,39.32
6/6/2019 16:00:00,40.89,41.19
6/7/2019 16:00:00,41,40.9
6/10/2019 16:00:00,42.05,42.58
6/11/2019 16:00:00,43.83,43.42
6/12/2019 16:00:00,44.59,41.85
6/13/2019 16:00:00,42.08,42.78
6/14/2019 16:00:00,42.25,42.98
6/17/2019 16:00:00,43.1,45.01
6/18/2019 16:00:00,45.74,44.95
6/19/2019 16:00:00,45.02,45.29
6/20/2019 16:00:00,44.6,43.92
6/21/2019 16:00:00,43.24,44.37
6/24/2019 16:00:00,44.65,44.73
6/25/2019 16:00:00,44.88,43.95
6/26/2019 16:00:00,44.06,43.85
6/27/2019 16:00:00,43.89,44.57
6/28/2019 16:00:00,44.2,44.69
7/1/2019 16:00:00,46.04,45.43
7/2/2019 16:00:00,45.78,44.91
7/3/2019 13:00:00,47.88,46.98
7/5/2019 16:00:00,46.91,46.62
7/8/2019 16:00:00,46.25,46.07
7/9/2019 16:00:00,45.79,46.01
7/10/2019 16:00:00,46.83,47.78
7/11/2019 16:00:00,47.63,47.72
7/12/2019 16:00:00,47.95,49.02
7/15/2019 16:00:00,49.6,50.7
7/16/2019 16:00:00,49.86,50.48
7/17/2019 16:00:00,51.13,50.97
7/18/2019 16:00:00,51.01,50.71
7/19/2019 16:00:00,51.14,51.64
7/22/2019 16:00:00,51.75,51.14
7/23/2019 16:00:00,51.34,52.03
7/24/2019 16:00:00,51.83,52.98
7/25/2019 16:00:00,46.7,45.76
7/26/2019 16:00:00,45.38,45.61
7/29/2019 16:00:00,45.42,47.15
7/30/2019 16:00:00,46.58,48.45
7/31/2019 16:00:00,48.6,48.32
8/1/2019 16:00:00,48.53,46.77
8/2/2019 16:00:00,46.27,46.87
8/5/2019 16:00:00,45.92,45.66
8/6/2019 16:00:00,46.38,46.15
8/7/2019 16:00:00,45.3,46.68
8/8/2019 16:00:00,46.89,47.66
8/9/2019 16:00:00,47.21,47
8/12/2019 16:00:00,46.6,45.8
8/13/2019 16:00:00,45.76,47
8/14/2019 16:00:00,46.24,43.92
8/15/2019 16:00:00,44.17,43.13
8/16/2019 16:00:00,43.33,43.99
8/19/2019 16:00:00,44.84,45.37
8/20/2019 16:00:00,45.52,45.17
8/21/2019 16:00:00,44.4,44.17
8/22/2019 16:00:00,44.56,44.43
8/23/2019 16:00:00,43.99,42.28
8/26/2019 16:00:00,42.72,43
8/27/2019 16:00:00,43.15,42.82
8/28/2019 16:00:00,42.74,43.12
8/29/2019 16:00:00,43.8,44.34
8/30/2019 16:00:00,45.83,45.12
9/3/2019 16:00:00,44.82,45
9/4/2019 16:00:00,45.38,44.14
9/5/2019 16:00:00,44.5,45.92
9/6/2019 16:00:00,45.44,45.49
9/9/2019 16:00:00,46,46.36
9/10/2019 16:00:00,46.16,47.11
9/11/2019 16:00:00,47.48,49.42
9/12/2019 16:00:00,49.54,49.17
9/13/2019 16:00:00,49.39,49.04
9/16/2019 16:00:00,49.2,48.56
9/17/2019 16:00:00,48.49,48.96
9/18/2019 16:00:00,49,48.7
9/19/2019 16:00:00,49.2,49.32
9/20/2019 16:00:00,49.3,48.12
9/23/2019 16:00:00,48,48.25
9/24/2019 16:00:00,48.3,44.64
9/25/2019 16:00:00,44.91,45.74
9/26/2019 16:00:00,46.13,48.51
9/27/2019 16:00:00,48.44,48.43
9/30/2019 16:00:00,48.6,48.17
10/1/2019 16:00:00,48.3,48.94
10/2/2019 16:00:00,48.66,48.63
10/3/2019 16:00:00,46.37,46.61
10/4/2019 16:00:00,46.32,46.29
10/7/2019 16:00:00,45.96,47.54
10/8/2019 16:00:00,47.17,48.01
10/9/2019 16:00:00,48.26,48.91
10/10/2019 16:00:00,49.06,48.95
10/11/2019 16:00:00,49.43,49.58
10/14/2019 16:00:00,49.58,51.39
10/15/2019 16:00:00,51.54,51.58
10/16/2019 16:00:00,51.48,51.95
10/17/2019 16:00:00,52.5,52.39
10/18/2019 16:00:00,52.14,51.39
10/21/2019 16:00:00,51.67,50.7
10/22/2019 16:00:00,50.86,51.12
10/23/2019 16:00:00,50.9,50.94
10/24/2019 16:00:00,59.67,59.94
10/25/2019 16:00:00,59.54,65.63
10/28/2019 16:00:00,65.51,65.54
10/29/2019 16:00:00,64,63.24
10/30/2019 16:00:00,62.6,63
10/31/2019 16:00:00,62.62,62.98
11/1/2019 16:00:00,63.26,62.66
11/4/2019 16:00:00,62.96,63.49
11/5/2019 16:00:00,63.92,63.44
11/6/2019 16:00:00,63.6,65.32
11/7/2019 16:00:00,65.83,67.11
11/8/2019 16:00:00,66.9,67.43
11/11/2019 16:00:00,68.79,69.02
11/12/2019 16:00:00,69.38,69.99
11/13/2019 16:00:00,71,69.22
11/14/2019 16:00:00,69.22,69.87
11/15/2019 16:00:00,70.13,70.43
11/18/2019 16:00:00,70.58,70
11/19/2019 16:00:00,70.35,71.9
11/20/2019 16:00:00,72,70.44
11/21/2019 16:00:00,70.9,70.97
11/22/2019 16:00:00,68.03,66.61
11/25/2019 16:00:00,68.86,67.27
11/26/2019 16:00:00,67.05,65.78
11/27/2019 16:00:00,66.22,66.26
11/29/2019 13:00:00,66.22,65.99
12/2/2019 16:00:00,65.88,66.97
12/3/2019 16:00:00,66.52,67.24
12/4/2019 16:00:00,67.55,66.61
12/5/2019 16:00:00,66.57,66.07
12/6/2019 16:00:00,67,67.18
12/9/2019 16:00:00,67.32,67.91
12/10/2019 16:00:00,67.99,69.77
12/11/2019 16:00:00,70.38,70.54
12/12/2019 16:00:00,70.98,71.94
12/13/2019 16:00:00,72.21,71.68
12/16/2019 16:00:00,72.51,76.3
12/17/2019 16:00:00,75.8,75.8
12/18/2019 16:00:00,76.13,78.63
12/19/2019 16:00:00,79.46,80.81
12/20/2019 16:00:00,82.06,81.12
12/23/2019 16:00:00,82.36,83.84
12/24/2019 13:00:00,83.67,85.05
12/26/2019 16:00:00,85.58,86.19
12/27/2019 16:00:00,87,86.08
12/30/2019 16:00:00,85.76,82.94
12/31/2019 16:00:00,81,83.67
1/2/2020 16:00:00,84.9,86.05
1/3/2020 16:00:00,88.1,88.6
1/6/2020 16:00:00,88.09,90.31
1/7/2020 16:00:00,92.28,93.81
1/8/2020 16:00:00,94.74,98.43
1/9/2020 16:00:00,99.42,96.27
1/10/2020 16:00:00,96.36,95.63
1/13/2020 16:00:00,98.7,104.97
1/14/2020 16:00:00,108.85,107.58
1/15/2020 16:00:00,105.95,103.7
1/16/2020 16:00:00,98.75,102.7
1/17/2020 16:00:00,101.52,102.1
1/21/2020 16:00:00,106.05,109.44
1/22/2020 16:00:00,114.38,113.91
1/23/2020 16:00:00,112.85,114.44
1/24/2020 16:00:00,114.13,112.96
1/27/2020 16:00:00,108.4,111.6
1/28/2020 16:00:00,113.7,113.38
1/29/2020 16:00:00,115.14,116.2
1/30/2020 16:00:00,126.48,128.16
1/31/2020 16:00:00,128,130.11
2/3/2020 16:00:00,134.74,156
2/4/2020 16:00:00,176.59,177.41
2/5/2020 16:00:00,164.65,146.94
2/6/2020 16:00:00,139.98,149.79
2/7/2020 16:00:00,146.11,149.61
2/10/2020 16:00:00,160,154.26
2/11/2020 16:00:00,153.76,154.88
2/12/2020 16:00:00,155.57,153.46
2/13/2020 16:00:00,148.37,160.8
2/14/2020 16:00:00,157.44,160.01
2/18/2020 16:00:00,168.32,171.68
2/19/2020 16:00:00,184.7,183.48
2/20/2020 16:00:00,182.39,179.88
2/21/2020 16:00:00,181.4,180.2
2/24/2020 16:00:00,167.8,166.76
2/25/2020 16:00:00,169.8,159.98
2/26/2020 16:00:00,156.5,155.76
2/27/2020 16:00:00,146,135.8
2/28/2020 16:00:00,125.94,133.6
3/2/2020 16:00:00,142.25,148.72
3/3/2020 16:00:00,161,149.1
3/4/2020 16:00:00,152.79,149.9
3/5/2020 16:00:00,144.75,144.91
3/6/2020 16:00:00,138,140.7
3/9/2020 16:00:00,121.08,121.6
3/10/2020 16:00:00,131.89,129.07
3/11/2020 16:00:00,128.04,126.85
3/12/2020 16:00:00,116.18,112.11
3/13/2020 16:00:00,119,109.32
3/16/2020 16:00:00,93.9,89.01
3/17/2020 16:00:00,88,86.04
3/18/2020 16:00:00,77.8,72.24
3/19/2020 16:00:00,74.94,85.53
3/20/2020 16:00:00,87.64,85.51
3/23/2020 16:00:00,86.72,86.86
3/24/2020 16:00:00,95.46,101
3/25/2020 16:00:00,109.05,107.85
3/26/2020 16:00:00,109.48,105.63
3/27/2020 16:00:00,101,102.87
3/30/2020 16:00:00,102.05,100.43
3/31/2020 16:00:00,100.25,104.8
4/1/2020 16:00:00,100.8,96.31
4/2/2020 16:00:00,96.21,90.89
4/3/2020 16:00:00,101.9,96
4/6/2020 16:00:00,102.24,103.25
4/7/2020 16:00:00,109,109.09
4/8/2020 16:00:00,110.84,109.77
4/9/2020 16:00:00,112.42,114.6
4/13/2020 16:00:00,118.03,130.19
4/14/2020 16:00:00,139.79,141.98
4/15/2020 16:00:00,148.4,145.97
4/16/2020 16:00:00,143.39,149.04
4/17/2020 16:00:00,154.46,150.78
4/20/2020 16:00:00,146.54,149.27
4/21/2020 16:00:00,146.02,137.34
4/22/2020 16:00:00,140.8,146.42
4/23/2020 16:00:00,145.52,141.13
4/24/2020 16:00:00,142.16,145.03
4/27/2020 16:00:00,147.52,159.75
4/28/2020 16:00:00,159.13,153.82
4/29/2020 16:00:00,158.03,160.1
4/30/2020 16:00:00,171.04,156.38
5/1/2020 16:00:00,151,140.26
5/4/2020 16:00:00,140.2,152.24
5/5/2020 16:00:00,157.96,153.64
5/6/2020 16:00:00,155.3,156.52
5/7/2020 16:00:00,155.44,156.01
5/8/2020 16:00:00,158.75,163.88
5/11/2020 16:00:00,158.1,162.26
5/12/2020 16:00:00,165.4,161.88
5/13/2020 16:00:00,164.17,158.19
5/14/2020 16:00:00,156,160.67
5/15/2020 16:00:00,158.07,159.83
5/18/2020 16:00:00,165.56,162.73
5/19/2020 16:00:00,163.03,161.6
5/20/2020 16:00:00,164.1,163.11
5/21/2020 16:00:00,163.2,165.52
5/22/2020 16:00:00,164.43,163.38
5/26/2020 16:00:00,166.9,163.77
5/27/2020 16:00:00,164.17,164.05
5/28/2020 16:00:00,162.7,161.16
5/29/2020 16:00:00,161.75,167
6/1/2020 16:00:00,171.6,179.62
6/2/2020 16:00:00,178.94,176.31
6/3/2020 16:00:00,177.62,176.59
6/4/2020 16:00:00,177.98,172.88
6/5/2020 16:00:00,175.57,177.13
6/8/2020 16:00:00,183.8,189.98
6/9/2020 16:00:00,188,188.13
6/10/2020 16:00:00,198.38,205.01
6/11/2020 16:00:00,198.04,194.57
6/12/2020 16:00:00,196,187.06
6/15/2020 16:00:00,183.56,198.18
6/16/2020 16:00:00,202.37,196.43
6/17/2020 16:00:00,197.54,198.36
6/18/2020 16:00:00,200.6,200.79
6/19/2020 16:00:00,202.56,200.18
6/22/2020 16:00:00,199.99,198.86
6/23/2020 16:00:00,199.78,200.36
6/24/2020 16:00:00,198.82,192.17
6/25/2020 16:00:00,190.85,197.2
6/26/2020 16:00:00,198.96,191.95
6/29/2020 16:00:00,193.8,201.87
6/30/2020 16:00:00,201.3,215.96
7/1/2020 16:00:00,216.6,223.93
7/2/2020 16:00:00,244.3,241.73
7/6/2020 16:00:00,255.34,274.32
7/7/2020 16:00:00,281,277.97
7/8/2020 16:00:00,281,273.18
7/9/2020 16:00:00,279.4,278.86
7/10/2020 16:00:00,279.2,308.93
7/13/2020 16:00:00,331.8,299.41
7/14/2020 16:00:00,311.2,303.36
7/15/2020 16:00:00,308.6,309.2
7/16/2020 16:00:00,295.43,300.13
7/17/2020 16:00:00,302.69,300.17
7/20/2020 16:00:00,303.8,328.6
7/21/2020 16:00:00,327.99,313.67
7/22/2020 16:00:00,319.8,318.47
7/23/2020 16:00:00,335.79,302.61
7/24/2020 16:00:00,283.2,283.4
7/27/2020 16:00:00,287,307.92
7/28/2020 16:00:00,300.8,295.3
7/29/2020 16:00:00,300.2,299.82
7/30/2020 16:00:00,297.6,297.5
7/31/2020 16:00:00,303,286.15
8/3/2020 16:00:00,289.84,297
8/4/2020 16:00:00,299,297.4
8/5/2020 16:00:00,298.6,297
8/6/2020 16:00:00,298.17,297.92
8/7/2020 16:00:00,299.91,290.54
8/10/2020 16:00:00,289.6,283.71
8/11/2020 16:00:00,279.2,274.88
8/12/2020 16:00:00,294,310.95
8/13/2020 16:00:00,322.2,324.2
8/14/2020 16:00:00,333,330.14
8/17/2020 16:00:00,335.4,367.13
8/18/2020 16:00:00,379.8,377.42
8/19/2020 16:00:00,373,375.71
8/20/2020 16:00:00,372.14,400.37
8/21/2020 16:00:00,408.95,410
8/24/2020 16:00:00,425.26,402.84
8/25/2020 16:00:00,394.98,404.67
8/26/2020 16:00:00,412,430.63
8/27/2020 16:00:00,436.09,447.75
8/28/2020 16:00:00,459.02,442.68
8/31/2020 16:00:00,444.61,498.32
9/1/2020 16:00:00,502.14,475.05
9/2/2020 16:00:00,478.99,447.37
9/3/2020 16:00:00,407.23,407
9/4/2020 16:00:00,402.81,418.32
9/8/2020 16:00:00,356,330.21
9/9/2020 16:00:00,356.6,366.28
9/10/2020 16:00:00,386.21,371.34
9/11/2020 16:00:00,381.94,372.72
9/14/2020 16:00:00,380.95,419.62
9/15/2020 16:00:00,436.56,449.76
9/16/2020 16:00:00,439.87,441.76
9/17/2020 16:00:00,415.6,423.43
9/18/2020 16:00:00,447.94,442.15
9/21/2020 16:00:00,453.13,449.39
9/22/2020 16:00:00,429.6,424.23
9/23/2020 16:00:00,405.16,380.36
9/24/2020 16:00:00,363.8,387.79
9/25/2020 16:00:00,393.47,407.34
9/28/2020 16:00:00,424.62,421.2
9/29/2020 16:00:00,416,419.07
9/30/2020 16:00:00,421.32,429.01
10/1/2020 16:00:00,440.76,448.16
10/2/2020 16:00:00,421.39,415.09
10/5/2020 16:00:00,423.35,425.68
10/6/2020 16:00:00,423.79,413.98
10/7/2020 16:00:00,419.87,425.3
10/8/2020 16:00:00,438.44,425.92
10/9/2020 16:00:00,430.13,434
10/12/2020 16:00:00,442,442.3
10/13/2020 16:00:00,443.35,446.65
10/14/2020 16:00:00,449.78,461.3
10/15/2020 16:00:00,450.31,448.88
10/16/2020 16:00:00,454.44,439.67
10/19/2020 16:00:00,446.24,430.83
10/20/2020 16:00:00,431.75,421.94
10/21/2020 16:00:00,422.7,422.64
10/22/2020 16:00:00,441.92,425.79
10/23/2020 16:00:00,421.84,420.63
10/26/2020 16:00:00,411.63,420.28
10/27/2020 16:00:00,423.76,424.68
10/28/2020 16:00:00,416.48,406.02
10/29/2020 16:00:00,409.96,410.83
10/30/2020 16:00:00,406.9,388.04
11/2/2020 16:00:00,394,400.51
11/3/2020 16:00:00,409.73,423.9
11/4/2020 16:00:00,430.62,420.98
11/5/2020 16:00:00,428.3,438.09
11/6/2020 16:00:00,436.1,429.95
11/9/2020 16:00:00,439.5,421.26
11/10/2020 16:00:00,420.09,410.36
11/11/2020 16:00:00,416.45,417.13
11/12/2020 16:00:00,415.05,411.76
11/13/2020 16:00:00,410.85,408.5
11/16/2020 16:00:00,408.93,408.09
11/17/2020 16:00:00,460.17,441.61
11/18/2020 16:00:00,448.35,486.64
11/19/2020 16:00:00,492,499.27
11/20/2020 16:00:00,497.99,489.61
11/23/2020 16:00:00,503.5,521.85
11/24/2020 16:00:00,540.4,555.38
11/25/2020 16:00:00,550.06,574
11/27/2020 13:00:00,581.16,585.76
11/30/2020 16:00:00,602.21,567.6
12/1/2020 16:00:00,597.59,584.76
12/2/2020 16:00:00,556.44,568.82
12/3/2020 16:00:00,590.02,593.38
12/4/2020 16:00:00,591.01,599.04
12/7/2020 16:00:00,604.92,641.76
12/8/2020 16:00:00,625.51,649.88
12/9/2020 16:00:00,653.69,604.48
12/10/2020 16:00:00,574.37,627.07
12/11/2020 16:00:00,615.01,609.99
12/14/2020 16:00:00,619,639.83
12/15/2020 16:00:00,643.28,633.25
12/16/2020 16:00:00,628.23,622.77
12/17/2020 16:00:00,628.19,655.9
12/18/2020 16:00:00,668.9,695
12/21/2020 16:00:00,666.24,649.86
12/22/2020 16:00:00,648,640.34
12/23/2020 16:00:00,632.2,645.98
12/24/2020 13:00:00,642.99,661.77
12/28/2020 16:00:00,674.51,663.69
12/29/2020 16:00:00,661,665.99
12/30/2020 16:00:00,672,694.78